{
  "id": "",
  "name": "",
  "font_family": "iconfont",
  "css_prefix_text": "icon-",
  "description": "",
  "glyphs": [
    {
      "icon_id": "5896808",
      "name": "地图-地标",
      "font_class": "ditu-dibiao",
      "unicode": "ec3f",
      "unicode_decimal": 60479
    },
    {
      "icon_id": "8642071",
      "name": "HOME MESSAGE",
      "font_class": "HOMEMESSAGE",
      "unicode": "e7eb",
      "unicode_decimal": 59371
    },
    {
      "icon_id": "12134658",
      "name": "重点跟踪",
      "font_class": "ef-zhongdiangenzong-gongju",
      "unicode": "e629",
      "unicode_decimal": 58921
    }
  ]
}
